timeStamp,elapsed,label,responseCode,responseMessage,threadName,dataType,success,bytes,Latency
1374664109735,888,Add Products,200,OK,Thread Group 1-1,text,true,234,887
1374664110332,765,Add Products,200,OK,Thread Group 1-7,text,true,234,765
1374664110202,2149,Add Products,200,OK,Thread Group 1-9,text,true,234,2149
1374664110778,1604,Add Products,200,OK,Thread Group 1-22,text,true,234,1604
1374664110983,4430,Add Products,200,OK,Thread Group 1-5,text,true,234,4430
1374664110909,4511,Add Products,200,OK,Thread Group 1-2,text,true,234,4511
1374664110216,5758,Add Products,200,OK,Thread Group 1-26,text,true,234,5758
1374664110280,5702,Add Products,200,OK,Thread Group 1-25,text,true,234,5702
1374664110723,5267,Add Products,200,OK,Thread Group 1-4,text,true,234,5267
1374664109882,6800,Add Products,200,OK,Thread Group 1-15,text,true,234,6800
1374664110037,6653,Add Products,200,OK,Thread Group 1-11,text,true,234,6653
1374664110024,6860,Add Products,200,OK,Thread Group 1-16,text,true,234,6860
1374664110185,6705,Add Products,200,OK,Thread Group 1-27,text,true,234,6705
1374664110796,6491,Add Products,200,OK,Thread Group 1-3,text,true,234,6491
1374664110138,7157,Add Products,200,OK,Thread Group 1-10,text,true,234,7156
1374664111150,6150,Add Products,200,OK,Thread Group 1-21,text,true,234,6150
1374664109832,7474,Add Products,200,OK,Thread Group 1-13,text,true,234,7474
1374664110699,6652,Add Products,200,OK,Thread Group 1-19,text,true,234,6652
1374664110641,7399,Add Products,200,OK,Thread Group 1-18,text,true,234,7399
1374664110076,7971,Add Products,200,OK,Thread Group 1-20,text,true,234,7971
1374664110090,7963,Add Products,200,OK,Thread Group 1-12,text,true,234,7963
1374664110851,7881,Add Products,200,OK,Thread Group 1-23,text,true,234,7880
1374664111064,8937,Add Products,200,OK,Thread Group 1-6,text,true,234,8937
1374664112579,8800,Add Products,200,OK,Thread Group 1-28,text,true,234,8800
1374664110264,11888,Add Products,200,OK,Thread Group 1-8,text,true,234,11888
1374664112536,9643,Add Products,200,OK,Thread Group 1-36,text,true,234,9643
1374664112814,9604,Add Products,200,OK,Thread Group 1-9,text,true,234,9604
1374664112161,10716,Add Products,200,OK,Thread Group 1-31,text,true,234,10716
1374664109496,13387,Add Products,200,OK,Thread Group 1-14,text,true,234,13387
1374664112866,10023,Add Products,200,OK,Thread Group 1-30,text,true,234,10023
1374664113363,9532,Add Products,200,OK,Thread Group 1-46,text,true,234,9532
1374664112106,11639,Add Products,200,OK,Thread Group 1-17,text,true,234,11639
1374664112178,11574,Add Products,200,OK,Thread Group 1-33,text,true,234,11574
1374664112111,11646,Add Products,200,OK,Thread Group 1-1,text,true,234,11646
1374664113347,10416,Add Products,200,OK,Thread Group 1-43,text,true,234,10416
1374664114067,9701,Add Products,200,OK,Thread Group 1-56,text,true,234,9701
1374664114442,9801,Add Products,200,OK,Thread Group 1-70,text,true,234,9801
1374664113636,10613,Add Products,200,OK,Thread Group 1-53,text,true,234,10613
1374664114115,10140,Add Products,200,OK,Thread Group 1-55,text,true,234,10140
1374664112884,11386,Add Products,200,OK,Thread Group 1-41,text,true,234,11386
1374664111008,13268,Add Products,200,OK,Thread Group 1-24,text,true,234,13268
1374664112632,12197,Add Products,200,OK,Thread Group 1-39,text,true,234,12197
1374664113842,11589,Add Products,200,OK,Thread Group 1-63,text,true,234,11589
1374664112452,12986,Add Products,200,OK,Thread Group 1-35,text,true,234,12986
1374664112922,12521,Add Products,200,OK,Thread Group 1-42,text,true,234,12521
1374664112738,12711,Add Products,200,OK,Thread Group 1-29,text,true,234,12711
1374664112596,12860,Add Products,200,OK,Thread Group 1-40,text,true,234,12860
1374664112676,12786,Add Products,200,OK,Thread Group 1-38,text,true,234,12786
1374664112233,13260,Add Products,200,OK,Thread Group 1-32,text,true,234,13260
1374664112827,13156,Add Products,200,OK,Thread Group 1-62,text,true,234,13156
1374664112482,13510,Add Products,200,OK,Thread Group 1-7,text,true,234,13510
1374664113678,12320,Add Products,200,OK,Thread Group 1-51,text,true,234,12320
1374664113015,12994,Add Products,200,OK,Thread Group 1-64,text,true,234,12994
1374664112431,13612,Add Products,200,OK,Thread Group 1-34,text,true,234,13612
1374664112498,13599,Add Products,200,OK,Thread Group 1-37,text,true,234,13599
1374664116361,11098,Add Products,200,OK,Thread Group 1-26,text,true,234,11098
1374664113697,13768,Add Products,200,OK,Thread Group 1-54,text,true,234,13768
1374664114670,13211,Add Products,200,OK,Thread Group 1-76,text,true,234,13211
1374664114535,13922,Add Products,200,OK,Thread Group 1-72,text,true,234,13922
1374664114478,13995,Add Products,200,OK,Thread Group 1-68,text,true,234,13995
1374664114631,13848,Add Products,200,OK,Thread Group 1-75,text,true,234,13848
1374664113489,14996,Add Products,200,OK,Thread Group 1-47,text,true,234,14996
1374664114752,14235,Add Products,200,OK,Thread Group 1-77,text,true,234,14235
1374664114521,14472,Add Products,200,OK,Thread Group 1-71,text,true,234,14472
1374664113935,15063,Add Products,200,OK,Thread Group 1-59,text,true,234,15063
1374664114577,14429,Add Products,200,OK,Thread Group 1-73,text,true,234,14429
1374664112775,17226,Add Products,200,OK,Thread Group 1-22,text,true,234,17226
1374664117316,12640,Add Products,200,OK,Thread Group 1-11,text,true,234,12640
1374664112977,17059,Add Products,200,OK,Thread Group 1-65,text,true,234,17059
1374664113508,16534,Add Products,200,OK,Thread Group 1-49,text,true,234,16534
1374664117230,12767,Add Products,200,OK,Thread Group 1-16,text,true,234,12767
1374664113056,17608,Add Products,200,OK,Thread Group 1-66,text,true,234,17608
1374664113555,17115,Add Products,200,OK,Thread Group 1-50,text,true,234,17115
1374664113410,17265,Add Products,200,OK,Thread Group 1-44,text,true,234,17265
1374664113600,17683,Add Products,200,OK,Thread Group 1-52,text,true,234,17683
1374664114617,17152,Add Products,200,OK,Thread Group 1-74,text,true,234,17151
1374664113979,17795,Add Products,200,OK,Thread Group 1-58,text,true,234,17795
1374664124146,7583,Add Products,200,OK,Thread Group 1-56,text,true,234,7583
1374664117703,14644,Add Products,200,OK,Thread Group 1-19,text,true,234,14644
1374664114806,17597,Add Products,200,OK,Thread Group 1-80,text,true,234,17597
1374664114782,17626,Add Products,200,OK,Thread Group 1-78,text,true,234,17626
1374664113308,19105,Add Products,200,OK,Thread Group 1-48,text,true,234,19105
1374664114426,18554,Add Products,200,OK,Thread Group 1-69,text,true,234,18554
1374664113071,19914,Add Products,200,OK,Thread Group 1-67,text,true,234,19914
1374664116374,17853,Add Products,200,OK,Thread Group 1-4,text,true,234,17853
1374664117649,16534,Add Products,200,OK,Thread Group 1-10,text,true,234,16534
1374664117028,17400,Add Products,200,OK,Thread Group 1-15,text,true,234,17400
1374664115841,18642,Add Products,200,OK,Thread Group 1-2,text,true,234,18642
1374664123256,11593,Add Products,200,OK,Thread Group 1-46,text,true,234,11593
1374664122469,12386,Add Products,200,OK,Thread Group 1-8,text,true,234,12386
1374664117656,17205,Add Products,200,OK,Thread Group 1-13,text,true,234,17205
1374664117262,18058,Add Products,200,OK,Thread Group 1-27,text,true,234,18058
1374664125822,9511,Add Products,200,OK,Thread Group 1-40,text,true,234,9511
1374664114794,21196,Add Products,200,OK,Thread Group 1-79,text,true,234,21196
1374664118387,17560,Add Products,200,OK,Thread Group 1-18,text,true,234,17560
1374664118382,17570,Add Products,200,OK,Thread Group 1-20,text,true,234,17570
1374664117644,18318,Add Products,200,OK,Thread Group 1-21,text,true,234,18318
1374664127693,8156,Add Products,200,OK,Thread Group 1-54,text,true,234,8156
1374664126393,10123,Add Products,200,OK,Thread Group 1-64,text,true,234,10123
1374664126332,10189,Add Products,200,OK,Thread Group 1-62,text,true,234,10189
1374664113828,23330,Add Products,200,OK,Thread Group 1-60,text,true,234,23330
1374664123227,13886,Add Products,200,OK,Thread Group 1-30,text,true,234,13886
1374664124130,12988,Add Products,200,OK,Thread Group 1-43,text,true,234,12988
1374664123205,13918,Add Products,200,OK,Thread Group 1-14,text,true,234,13918
1374664128751,8853,Add Products,200,OK,Thread Group 1-47,text,true,234,8853
1374664125777,11950,Add Products,200,OK,Thread Group 1-63,text,true,234,11950
1374664125766,11967,Add Products,200,OK,Thread Group 1-42,text,true,234,11967
1374664117633,20106,Add Products,200,OK,Thread Group 1-3,text,true,234,20106
1374664128704,8922,Add Products,200,OK,Thread Group 1-68,text,true,234,8922
1374664119083,19268,Add Products,200,OK,Thread Group 1-23,text,true,234,19268
1374664124584,13772,Add Products,200,OK,Thread Group 1-53,text,true,234,13772
1374664128714,9530,Add Products,200,OK,Thread Group 1-75,text,true,234,9530
1374664125850,12516,Add Products,200,OK,Thread Group 1-38,text,true,234,12516
1374664125759,12612,Add Products,200,OK,Thread Group 1-35,text,true,234,12612
1374664129205,9054,Add Products,200,OK,Thread Group 1-59,text,true,234,9054
1374664116366,22460,Add Products,200,OK,Thread Group 1-25,text,true,234,22460
1374664121718,17064,Add Products,200,OK,Thread Group 1-28,text,true,234,17064
1374664124572,14332,Add Products,200,OK,Thread Group 1-70,text,true,234,14332
1374664125217,13718,Add Products,200,OK,Thread Group 1-39,text,true,234,13718
1374664129210,9614,Add Products,200,OK,Thread Group 1-71,text,true,234,9614
1374664124609,14338,Add Products,200,OK,Thread Group 1-24,text,true,234,14338
1374664113451,25865,Add Products,200,OK,Thread Group 1-45,text,true,234,25865
1374664120355,20558,Add Products,200,OK,Thread Group 1-6,text,true,234,20558
1374664130218,10583,Add Products,200,OK,Thread Group 1-11,text,true,234,10583
1374664130234,11053,Add Products,200,OK,Thread Group 1-22,text,true,234,11053
1374664126448,15386,Add Products,200,OK,Thread Group 1-34,text,true,234,15386
1374664122745,19703,Add Products,200,OK,Thread Group 1-36,text,true,234,19703
1374664113791,28714,Add Products,200,OK,Thread Group 1-61,text,true,234,28714
1374664130398,11946,Add Products,200,OK,Thread Group 1-16,text,true,234,11946
1374664124079,18388,Add Products,200,OK,Thread Group 1-17,text,true,234,18388
1374664118395,24681,Add Products,200,OK,Thread Group 1-12,text,true,234,24681
1374664129227,13897,Add Products,200,OK,Thread Group 1-77,text,true,234,13897
1374664124090,19156,Add Products,200,OK,Thread Group 1-1,text,true,234,19156
1374664124138,19113,Add Products,200,OK,Thread Group 1-33,text,true,234,19113
1374664115798,27534,Add Products,200,OK,Thread Group 1-5,text,true,234,27534
1374664131972,11170,Add Products,200,OK,Thread Group 1-74,text,true,234,11170
1374664128122,15440,Add Products,200,OK,Thread Group 1-76,text,true,234,15440
1374664126508,17179,Add Products,200,OK,Thread Group 1-37,text,true,234,17179
1374664122753,20942,Add Products,200,OK,Thread Group 1-9,text,true,234,20942
1374664126322,17378,Add Products,200,OK,Thread Group 1-7,text,true,234,17378
1374664124785,18920,Add Products,200,OK,Thread Group 1-41,text,true,234,18920
1374664126343,17368,Add Products,200,OK,Thread Group 1-51,text,true,234,17368
1374664125816,17900,Add Products,200,OK,Thread Group 1-29,text,true,234,17900
1374664131992,11585,Add Products,200,OK,Thread Group 1-56,text,true,234,11585
1374664114025,30542,Add Products,200,OK,Thread Group 1-57,text,true,234,30542
1374664123196,21370,Add Products,200,OK,Thread Group 1-31,text,true,234,21370
1374664130268,14400,Add Products,200,OK,Thread Group 1-65,text,true,234,14400
1374664127674,17121,Add Products,200,OK,Thread Group 1-26,text,true,234,17121
1374664129252,16275,Add Products,200,OK,Thread Group 1-73,text,true,234,16275
1374664138571,6875,Add Products,200,OK,Thread Group 1-35,text,true,234,6875
1374664134406,11104,Add Products,200,OK,Thread Group 1-4,text,true,234,11104
1374664134701,11238,Add Products,200,OK,Thread Group 1-15,text,true,234,11238
1374664135135,10810,Add Products,200,OK,Thread Group 1-46,text,true,234,10810
1374664135589,10400,Add Products,200,OK,Thread Group 1-40,text,true,234,10400
1374664130918,15754,Add Products,200,OK,Thread Group 1-44,text,true,234,15754
1374664130879,15798,Add Products,200,OK,Thread Group 1-50,text,true,234,15798
1374664138834,7762,Add Products,200,OK,Thread Group 1-59,text,true,234,7762
1374664138963,7638,Add Products,200,OK,Thread Group 1-25,text,true,234,7638
1374664135125,11540,Add Products,200,OK,Thread Group 1-8,text,true,234,11540
1374664135555,11467,Add Products,200,OK,Thread Group 1-27,text,true,234,11467
1374664132594,15353,Add Products,200,OK,Thread Group 1-80,text,true,234,15353
1374664132629,15394,Add Products,200,OK,Thread Group 1-78,text,true,234,15394
1374664128681,19374,Add Products,200,OK,Thread Group 1-72,text,true,234,19374
1374664134694,13363,Add Products,200,OK,Thread Group 1-2,text,true,234,13363
1374664132586,15477,Add Products,200,OK,Thread Group 1-19,text,true,234,15477
1374664125835,22377,Add Products,200,OK,Thread Group 1-32,text,true,234,22377
1374664138524,9568,Add Products,200,OK,Thread Group 1-23,text,true,234,9568
1374664138534,9564,Add Products,200,OK,Thread Group 1-53,text,true,234,9564
1374664134689,13924,Add Products,200,OK,Thread Group 1-10,text,true,234,13924
1374664124772,24274,Add Products,200,OK,Thread Group 1-55,text,true,234,24274
1374664133168,15741,Add Products,200,OK,Thread Group 1-69,text,true,234,15741
1374664138591,10264,Add Products,200,OK,Thread Group 1-38,text,true,234,10264
1374664132623,16319,Add Products,200,OK,Thread Group 1-48,text,true,234,16319
1374664130429,18902,Add Products,200,OK,Thread Group 1-49,text,true,234,18902
1374664139156,12758,Add Products,200,OK,Thread Group 1-24,text,true,234,12758
1374664139134,12785,Add Products,200,OK,Thread Group 1-39,text,true,234,12785
1374664137284,14640,Add Products,200,OK,Thread Group 1-60,text,true,234,14640
1374664131963,20728,Add Products,200,OK,Thread Group 1-58,text,true,234,20728
1374664137308,15330,Add Products,200,OK,Thread Group 1-30,text,true,234,15330
1374664136201,16501,Add Products,200,OK,Thread Group 1-18,text,true,234,16501
1374664136222,16485,Add Products,200,OK,Thread Group 1-54,text,true,234,16485
1374664137918,15368,Add Products,200,OK,Thread Group 1-63,text,true,234,15368
1374664137318,15973,Add Products,200,OK,Thread Group 1-43,text,true,234,15973
1374664137897,15982,Add Products,200,OK,Thread Group 1-42,text,true,234,15982
1374664133207,20737,Add Products,200,OK,Thread Group 1-67,text,true,234,20736
1374664130884,23092,Add Products,200,OK,Thread Group 1-66,text,true,234,23092
1374664137989,15906,Add Products,200,OK,Thread Group 1-68,text,true,234,15906
1374664136208,17769,Add Products,200,OK,Thread Group 1-20,text,true,234,17769
1374664143874,9998,Add Products,200,OK,Thread Group 1-51,text,true,234,9998
1374664135154,19353,Add Products,200,OK,Thread Group 1-13,text,true,234,19353
1374664138598,15856,Add Products,200,OK,Thread Group 1-75,text,true,234,15856
1374664141126,13334,Add Products,200,OK,Thread Group 1-11,text,true,234,13334
1374664141605,12862,Add Products,200,OK,Thread Group 1-22,text,true,234,12862
1374664144697,9879,Add Products,200,OK,Thread Group 1-57,text,true,234,9878
1374664144691,9890,Add Products,200,OK,Thread Group 1-31,text,true,234,9890
1374664144987,9623,Add Products,200,OK,Thread Group 1-65,text,true,234,9623
1374664145072,9543,Add Products,200,OK,Thread Group 1-26,text,true,234,9543
1374664131506,23604,Add Products,200,OK,Thread Group 1-52,text,true,234,23604
1374664137948,17081,Add Products,200,OK,Thread Group 1-3,text,true,234,17081
1374664143866,11118,Add Products,200,OK,Thread Group 1-7,text,true,234,11118
1374664143473,11516,Add Products,200,OK,Thread Group 1-5,text,true,234,11516
1374664136186,19477,Add Products,200,OK,Thread Group 1-79,text,true,234,19477
1374664136718,18892,Add Products,200,OK,Thread Group 1-64,text,true,234,18892
1374664141093,14523,Add Products,200,OK,Thread Group 1-6,text,true,234,14523
1374664141968,13602,Add Products,200,OK,Thread Group 1-34,text,true,234,13602
1374664146226,9349,Add Products,200,OK,Thread Group 1-15,text,true,234,9349
1374664146219,9361,Add Products,200,OK,Thread Group 1-46,text,true,234,9361
1374664143839,11747,Add Products,200,OK,Thread Group 1-37,text,true,234,11747
1374664142628,12989,Add Products,200,OK,Thread Group 1-17,text,true,234,12989
1374664142581,13044,Add Products,200,OK,Thread Group 1-61,text,true,234,13044
1374664145788,9845,Add Products,200,OK,Thread Group 1-4,text,true,234,9845
1374664143523,12115,Add Products,200,OK,Thread Group 1-74,text,true,234,12115
1374664143850,11818,Add Products,200,OK,Thread Group 1-9,text,true,234,11818
1374664139148,16763,Add Products,200,OK,Thread Group 1-70,text,true,234,16762
1374664136728,19189,Add Products,200,OK,Thread Group 1-62,text,true,234,19189
1374664143395,12476,Add Products,200,OK,Thread Group 1-1,text,true,234,12476
1374664146882,8973,Add Products,200,OK,Thread Group 1-59,text,true,234,8973
1374664142576,13343,Add Products,200,OK,Thread Group 1-36,text,true,234,13342
1374664143861,12063,Add Products,200,OK,Thread Group 1-41,text,true,234,12063
1374664145767,10187,Add Products,200,OK,Thread Group 1-73,text,true,234,10187
1374664146302,9661,Add Products,200,OK,Thread Group 1-40,text,true,234,9661
1374664143368,12600,Add Products,200,OK,Thread Group 1-77,text,true,234,12600
1374664143515,12458,Add Products,200,OK,Thread Group 1-33,text,true,234,12458
1374664139143,16955,Add Products,200,OK,Thread Group 1-71,text,true,234,16955
1374664139459,17049,Add Products,200,OK,Thread Group 1-45,text,true,234,17049
1374664143930,14262,Add Products,200,OK,Thread Group 1-29,text,true,234,14262
1374664146839,11726,Add Products,200,OK,Thread Group 1-44,text,true,234,11726
1374664138975,20049,Add Products,200,OK,Thread Group 1-28,text,true,234,20049
1374664143833,16093,Add Products,200,OK,Thread Group 1-76,text,true,234,16093
1374664143924,16008,Add Products,200,OK,Thread Group 1-56,text,true,234,16008
1374664137880,22769,Add Products,200,OK,Thread Group 1-47,text,true,234,22769
1374664137332,23322,Add Products,200,OK,Thread Group 1-14,text,true,234,23322
1374664136231,24488,Add Products,200,OK,Thread Group 1-21,text,true,234,24488
1374664143376,17238,Add Products,200,OK,Thread Group 1-12,text,true,234,17238
1374664149168,12047,Add Products,200,OK,Thread Group 1-69,text,true,234,12047
1374664148816,13030,Add Products,200,OK,Thread Group 1-10,text,true,234,13030
1374664145797,16133,Add Products,200,OK,Thread Group 1-35,text,true,234,16133
1374664147255,15492,Add Products,200,OK,Thread Group 1-27,text,true,234,15492
1374664142601,20209,Add Products,200,OK,Thread Group 1-16,text,true,234,20209
1374664148392,14367,Add Products,200,OK,Thread Group 1-53,text,true,234,14367
1374664149546,13218,Add Products,200,OK,Thread Group 1-49,text,true,234,13218
1374664146861,16520,Add Products,200,OK,Thread Group 1-50,text,true,234,16520
1374664146896,16490,Add Products,200,OK,Thread Group 1-25,text,true,234,16490
1374664146891,17029,Add Products,200,OK,Thread Group 1-8,text,true,234,17029
1374664148259,15667,Add Products,200,OK,Thread Group 1-80,text,true,234,15667
1374664148304,16345,Add Products,200,OK,Thread Group 1-19,text,true,234,16345
1374664153545,11054,Add Products,200,OK,Thread Group 1-43,text,true,234,11054
1374664149144,15855,Add Products,200,OK,Thread Group 1-55,text,true,234,15855
1374664149150,15854,Add Products,200,OK,Thread Group 1-38,text,true,234,15854
1374664148290,16720,Add Products,200,OK,Thread Group 1-2,text,true,234,16720
1374664156241,8718,Add Products,200,OK,Thread Group 1-73,text,true,234,8718
1374664152840,12125,Add Products,200,OK,Thread Group 1-54,text,true,234,12125
1374664154169,10801,Add Products,200,OK,Thread Group 1-20,text,true,234,10801
1374664152876,12124,Add Products,200,OK,Thread Group 1-30,text,true,234,12123
1374664152868,12216,Add Products,200,OK,Thread Group 1-18,text,true,234,12216
1374664154201,11106,Add Products,200,OK,Thread Group 1-51,text,true,234,11106
1374664152136,13176,Add Products,200,OK,Thread Group 1-24,text,true,234,13176
1374664149193,16608,Add Products,200,OK,Thread Group 1-48,text,true,234,16608
1374664156177,9574,Add Products,200,OK,Thread Group 1-62,text,true,234,9574
1374664156506,9250,Add Products,200,OK,Thread Group 1-33,text,true,234,9250
1374664155997,9764,Add Products,200,OK,Thread Group 1-37,text,true,234,9764
1374664154135,11647,Add Products,200,OK,Thread Group 1-67,text,true,234,11647
1374664156730,9008,Add Products,200,OK,Thread Group 1-45,text,true,234,9008
1374664154148,11645,Add Products,200,OK,Thread Group 1-68,text,true,234,11645
1374664154698,11389,Add Products,200,OK,Thread Group 1-11,text,true,234,11389
1374664155261,10832,Add Products,200,OK,Thread Group 1-3,text,true,234,10832
1374664152863,13638,Add Products,200,OK,Thread Group 1-58,text,true,234,13638
1374664154140,12368,Add Products,200,OK,Thread Group 1-66,text,true,234,12368
1374664155256,11743,Add Products,200,OK,Thread Group 1-7,text,true,234,11743
1374664156198,10806,Add Products,200,OK,Thread Group 1-59,text,true,234,10806
1374664148254,19283,Add Products,200,OK,Thread Group 1-78,text,true,234,19283
1374664148298,19245,Add Products,200,OK,Thread Group 1-72,text,true,234,19245
1374664155947,11546,Add Products,200,OK,Thread Group 1-6,text,true,234,11546
1374664155284,12214,Add Products,200,OK,Thread Group 1-5,text,true,234,12214
1374664153503,14775,Add Products,200,OK,Thread Group 1-63,text,true,234,14775
1374664158430,9803,Add Products,200,OK,Thread Group 1-29,text,true,234,9803
1374664152259,17890,Add Products,200,OK,Thread Group 1-39,text,true,234,17890
1374664160224,10670,Add Products,200,OK,Thread Group 1-56,text,true,234,10670
1374664156047,15334,Add Products,200,OK,Thread Group 1-4,text,true,234,15334
1374664156463,14924,Add Products,200,OK,Thread Group 1-40,text,true,234,14924
1374664156538,15434,Add Products,200,OK,Thread Group 1-71,text,true,234,15434
1374664148397,23656,Add Products,200,OK,Thread Group 1-23,text,true,234,23656
1374664154097,17906,Add Products,200,OK,Thread Group 1-42,text,true,234,17905
1374664156451,16265,Add Products,200,OK,Thread Group 1-41,text,true,234,16265
1374664148311,24466,Add Products,200,OK,Thread Group 1-32,text,true,234,24466
1374664154884,17843,Add Products,200,OK,Thread Group 1-57,text,true,234,17843
1374664154931,17801,Add Products,200,OK,Thread Group 1-26,text,true,234,17801
1374664154668,18078,Add Products,200,OK,Thread Group 1-13,text,true,234,18078
1374664162208,10457,Add Products,200,OK,Thread Group 1-35,text,true,234,10457
1374664161508,11726,Add Products,200,OK,Thread Group 1-69,text,true,234,11726
1374664160857,12383,Add Products,200,OK,Thread Group 1-21,text,true,234,12383
1374664155898,17397,Add Products,200,OK,Thread Group 1-79,text,true,234,17397
1374664155985,17315,Add Products,200,OK,Thread Group 1-34,text,true,234,17315
1374664162987,10232,Add Products,200,OK,Thread Group 1-53,text,true,234,10232
1374664162071,11630,Add Products,200,OK,Thread Group 1-10,text,true,234,11630
1374664154662,19132,Add Products,200,OK,Thread Group 1-75,text,true,234,19132
1374664156495,17304,Add Products,200,OK,Thread Group 1-77,text,true,234,17304
1374664154858,18946,Add Products,200,OK,Thread Group 1-22,text,true,234,18946
1374664166629,7094,Add Products,200,OK,Thread Group 1-3,text,true,234,7094
1374664163016,11260,Add Products,200,OK,Thread Group 1-49,text,true,234,11260
1374664154916,19797,Add Products,200,OK,Thread Group 1-31,text,true,234,19797
1374664166046,8591,Add Products,200,OK,Thread Group 1-37,text,true,234,8591
1374664162993,11650,Add Products,200,OK,Thread Group 1-27,text,true,234,11650
1374664155907,18827,Add Products,200,OK,Thread Group 1-15,text,true,234,18827
1374664166789,7872,Add Products,200,OK,Thread Group 1-58,text,true,234,7872
1374664167307,7725,Add Products,200,OK,Thread Group 1-59,text,true,234,7725
1374664167784,7254,Add Products,200,OK,Thread Group 1-6,text,true,234,7254
1374664163615,11447,Add Products,200,OK,Thread Group 1-50,text,true,234,11447
1374664165628,9439,Add Products,200,OK,Thread Group 1-51,text,true,234,9439
1374664164149,11416,Add Products,200,OK,Thread Group 1-80,text,true,234,11416
1374664167284,8268,Add Products,200,OK,Thread Group 1-7,text,true,234,8268
1374664156171,19748,Add Products,200,OK,Thread Group 1-1,text,true,234,19748
1374664156004,19920,Add Products,200,OK,Thread Group 1-17,text,true,234,19920
1374664165434,10410,Add Products,200,OK,Thread Group 1-54,text,true,234,10410
1374664167800,8068,Add Products,200,OK,Thread Group 1-5,text,true,234,8068
1374664154924,22314,Add Products,200,OK,Thread Group 1-65,text,true,234,22314
1374664162979,15264,Add Products,200,OK,Thread Group 1-16,text,true,234,15264
1374664165482,12766,Add Products,200,OK,Thread Group 1-20,text,true,234,12766
1374664165440,12837,Add Products,200,OK,Thread Group 1-73,text,true,234,12837
1374664156236,22132,Add Products,200,OK,Thread Group 1-36,text,true,234,22132
1374664156142,22231,Add Products,200,OK,Thread Group 1-70,text,true,234,22231
1374664165390,13168,Add Products,200,OK,Thread Group 1-55,text,true,234,13168
1374664165419,13145,Add Products,200,OK,Thread Group 1-2,text,true,234,13145
1374664164924,13645,Add Products,200,OK,Thread Group 1-19,text,true,234,13645
1374664166093,12905,Add Products,200,OK,Thread Group 1-67,text,true,234,12905
1374664158844,20196,Add Products,200,OK,Thread Group 1-44,text,true,234,20196
1374664160150,19286,Add Products,200,OK,Thread Group 1-76,text,true,234,19286
1374664160864,18578,Add Products,200,OK,Thread Group 1-12,text,true,234,18578
1374664166122,13289,Add Products,200,OK,Thread Group 1-68,text,true,234,13289
1374664165794,14833,Add Products,200,OK,Thread Group 1-24,text,true,234,14833
1374664156037,24686,Add Products,200,OK,Thread Group 1-61,text,true,234,24686
1374664155279,25449,Add Products,200,OK,Thread Group 1-52,text,true,234,25449
1374664166399,14248,Add Products,200,OK,Thread Group 1-11,text,true,234,14248
1374664156122,25244,Add Products,200,OK,Thread Group 1-9,text,true,234,25244
1374664163662,17623,Add Products,200,OK,Thread Group 1-25,text,true,234,17623
1374664159224,22102,Add Products,200,OK,Thread Group 1-28,text,true,234,22102
1374664166059,15236,Add Products,200,OK,Thread Group 1-62,text,true,234,15236
1374664166040,15260,Add Products,200,OK,Thread Group 1-33,text,true,234,15260
1374664167751,13536,Add Products,200,OK,Thread Group 1-78,text,true,234,13536
1374664155892,26048,Add Products,200,OK,Thread Group 1-64,text,true,234,26048
1374664166999,14844,Add Products,200,OK,Thread Group 1-66,text,true,234,14844
1374664168553,13295,Add Products,200,OK,Thread Group 1-29,text,true,234,13295
1374664156054,25903,Add Products,200,OK,Thread Group 1-74,text,true,234,25903
1374664165474,16423,Add Products,200,OK,Thread Group 1-30,text,true,234,16423
1374664152291,30242,Add Products,200,OK,Thread Group 1-60,text,true,234,30242
1374664160818,21671,Add Products,200,OK,Thread Group 1-47,text,true,234,21671
1374664168543,14132,Add Products,200,OK,Thread Group 1-63,text,true,234,14132
1374664171655,11026,Add Products,200,OK,Thread Group 1-40,text,true,234,11026
1374664171254,11759,Add Products,200,OK,Thread Group 1-56,text,true,234,11759
1374664170442,14361,Add Products,200,OK,Thread Group 1-39,text,true,234,14361
1374664164182,21217,Add Products,200,OK,Thread Group 1-8,text,true,234,21217
1374664165426,19978,Add Products,200,OK,Thread Group 1-38,text,true,234,19978
1374664175390,9947,Add Products,200,OK,Thread Group 1-6,text,true,234,9947
1374664176172,9725,Add Products,200,OK,Thread Group 1-17,text,true,234,9725
1374664166052,19922,Add Products,200,OK,Thread Group 1-48,text,true,234,19922
1374664175870,10037,Add Products,200,OK,Thread Group 1-80,text,true,234,10037
1374664160847,25173,Add Products,200,OK,Thread Group 1-14,text,true,234,25173
1374664173034,12884,Add Products,200,OK,Thread Group 1-13,text,true,234,12884
1374664175398,10525,Add Products,200,OK,Thread Group 1-51,text,true,234,10525
1374664176033,10846,Add Products,200,OK,Thread Group 1-7,text,true,234,10846
1374664176209,10677,Add Products,200,OK,Thread Group 1-54,text,true,234,10677
1374664172978,13913,Add Products,200,OK,Thread Group 1-57,text,true,234,13913
1374664165521,22288,Add Products,200,OK,Thread Group 1-18,text,true,234,22288
1374664155954,31946,Add Products,200,OK,Thread Group 1-46,text,true,234,31946
1374664173041,14710,Add Products,200,OK,Thread Group 1-35,text,true,234,14710
1374664166103,22049,Add Products,200,OK,Thread Group 1-45,text,true,234,22049
1374664176204,16036,Add Products,200,OK,Thread Group 1-5,text,true,234,16036
1374664174218,18027,Add Products,200,OK,Thread Group 1-3,text,true,234,18027
1374664176177,16073,Add Products,200,OK,Thread Group 1-1,text,true,234,16073
1374664173561,18719,Add Products,200,OK,Thread Group 1-34,text,true,234,18719
1374664172950,20010,Add Products,200,OK,Thread Group 1-41,text,true,234,20010
1374664171667,21353,Add Products,200,OK,Thread Group 1-4,text,true,234,21353
1374664173516,19454,Add Products,200,OK,Thread Group 1-69,text,true,234,19454
1374664172222,20753,Add Products,200,OK,Thread Group 1-71,text,true,234,20753
1374664164919,28159,Add Products,200,OK,Thread Group 1-43,text,true,234,28159
1374664167777,25288,Add Products,200,OK,Thread Group 1-72,text,true,234,25288
1374664172996,20137,Add Products,200,OK,Thread Group 1-32,text,true,234,20137
1374664175047,18091,Add Products,200,OK,Thread Group 1-58,text,true,234,18091
1374664172967,20741,Add Products,200,OK,Thread Group 1-26,text,true,234,20741
1374664173528,20186,Add Products,200,OK,Thread Group 1-21,text,true,234,20186
1374664172376,21343,Add Products,200,OK,Thread Group 1-23,text,true,234,21343
1374664174223,19501,Add Products,200,OK,Thread Group 1-22,text,true,234,19501
1374664179718,18047,Add Products,200,OK,Thread Group 1-12,text,true,234,18047
1374664174255,23544,Add Products,200,OK,Thread Group 1-77,text,true,234,23544
1374664177416,20360,Add Products,200,OK,Thread Group 1-65,text,true,234,20360
1374664175378,23174,Add Products,200,OK,Thread Group 1-59,text,true,234,23173
1374664174956,23613,Add Products,200,OK,Thread Group 1-31,text,true,234,23613
1374664182239,16240,Add Products,200,OK,Thread Group 1-66,text,true,234,16239
1374664175006,23574,Add Products,200,OK,Thread Group 1-37,text,true,234,23574
1374664174176,24433,Add Products,200,OK,Thread Group 1-10,text,true,234,24433
1374664174013,25059,Add Products,200,OK,Thread Group 1-75,text,true,234,25059
1374664175000,24102,Add Products,200,OK,Thread Group 1-27,text,true,234,24102
1374664173521,25586,Add Products,200,OK,Thread Group 1-79,text,true,234,25586
1374664178579,20977,Add Products,200,OK,Thread Group 1-73,text,true,234,20977
1374664175383,24208,Add Products,200,OK,Thread Group 1-50,text,true,234,24208
1374664173590,26006,Add Products,200,OK,Thread Group 1-53,text,true,234,26006
1374664182075,17736,Add Products,200,OK,Thread Group 1-29,text,true,234,17735
1374664182929,17179,Add Products,200,OK,Thread Group 1-40,text,true,234,17179
1374664182070,18068,Add Products,200,OK,Thread Group 1-64,text,true,234,18068
1374664182277,17867,Add Products,200,OK,Thread Group 1-30,text,true,234,17867
1374664172370,28446,Add Products,200,OK,Thread Group 1-42,text,true,234,28446
1374664187122,13544,Add Products,200,OK,Thread Group 1-7,text,true,234,13544
1374664174613,26686,Add Products,200,OK,Thread Group 1-49,text,true,234,26686
1374664181638,19638,Add Products,200,OK,Thread Group 1-33,text,true,234,19638
1374664182246,21064,Add Products,200,OK,Thread Group 1-74,text,true,234,21064
1374664175038,28374,Add Products,200,OK,Thread Group 1-15,text,true,234,28374
1374664182924,20397,Add Products,200,OK,Thread Group 1-63,text,true,234,20397
1374664182681,20645,Add Products,200,OK,Thread Group 1-47,text,true,234,20645
1374664178888,24511,Add Products,200,OK,Thread Group 1-19,text,true,234,24511
1374664187986,15656,Add Products,200,OK,Thread Group 1-46,text,true,234,15656
1374664182686,21023,Add Products,200,OK,Thread Group 1-60,text,true,234,21023
1374664181589,22196,Add Products,200,OK,Thread Group 1-28,text,true,234,22196
1374664178592,25198,Add Products,200,OK,Thread Group 1-36,text,true,234,25198
1374664185631,18134,Add Products,200,OK,Thread Group 1-6,text,true,234,18134
1374664181583,22256,Add Products,200,OK,Thread Group 1-62,text,true,234,22256
1374664180916,23295,Add Products,200,OK,Thread Group 1-24,text,true,234,23295
1374664185637,18535,Add Products,200,OK,Thread Group 1-38,text,true,234,18534
1374664188010,16108,Add Products,200,OK,Thread Group 1-35,text,true,234,16108
1374664186203,18566,Add Products,200,OK,Thread Group 1-48,text,true,234,18566
1374664178856,26403,Add Products,200,OK,Thread Group 1-55,text,true,234,26403
1374664187143,17993,Add Products,200,OK,Thread Group 1-54,text,true,234,17993
1374664187978,17163,Add Products,200,OK,Thread Group 1-18,text,true,234,17163
1374664178861,27016,Add Products,200,OK,Thread Group 1-2,text,true,234,27016
1374664185612,20202,Add Products,200,OK,Thread Group 1-8,text,true,234,20202
1374664193148,12576,Add Products,200,OK,Thread Group 1-41,text,true,234,12576
1374664193182,12547,Add Products,200,OK,Thread Group 1-71,text,true,234,12547
1374664178537,27913,Add Products,200,OK,Thread Group 1-16,text,true,234,27913
1374664181567,24952,Add Products,200,OK,Thread Group 1-9,text,true,234,24952
1374664193234,13127,Add Products,200,OK,Thread Group 1-43,text,true,234,13127
1374664193297,13069,Add Products,200,OK,Thread Group 1-72,text,true,234,13069
1374664178585,28331,Add Products,200,OK,Thread Group 1-70,text,true,234,28331
1374664179706,27217,Add Products,200,OK,Thread Group 1-68,text,true,234,27217
1374664180941,25992,Add Products,200,OK,Thread Group 1-61,text,true,234,25992
1374664181605,25384,Add Products,200,OK,Thread Group 1-78,text,true,234,25384
1374664180947,26049,Add Products,200,OK,Thread Group 1-52,text,true,234,26049
1374664193937,12902,Add Products,200,OK,Thread Group 1-22,text,true,234,12902
1374664193226,13643,Add Products,200,OK,Thread Group 1-69,text,true,234,13643
1374664193346,13529,Add Products,200,OK,Thread Group 1-58,text,true,234,13528
1374664192421,14500,Add Products,200,OK,Thread Group 1-5,text,true,234,14500
1374664199307,7888,Add Products,200,OK,Thread Group 1-75,text,true,234,7888
1374664186372,21076,Add Products,200,OK,Thread Group 1-13,text,true,234,21076
1374664179687,27894,Add Products,200,OK,Thread Group 1-76,text,true,234,27894
1374664186379,21238,Add Products,200,OK,Thread Group 1-51,text,true,234,21238
1374664178572,29200,Add Products,200,OK,Thread Group 1-20,text,true,234,29200
1374664193351,15500,Add Products,200,OK,Thread Group 1-32,text,true,234,15500
1374664193899,14957,Add Products,200,OK,Thread Group 1-21,text,true,234,14957
1374664179414,29753,Add Products,200,OK,Thread Group 1-44,text,true,234,29753
1374664198705,10274,Add Products,200,OK,Thread Group 1-59,text,true,234,10274
1374664181562,27615,Add Products,200,OK,Thread Group 1-25,text,true,234,27615
1374664179325,29869,Add Products,200,OK,Thread Group 1-67,text,true,234,29869
1374664188323,21591,Add Products,200,OK,Thread Group 1-45,text,true,234,21590
1374664186214,23767,Add Products,200,OK,Thread Group 1-14,text,true,234,23767
1374664192451,17440,Add Products,200,OK,Thread Group 1-3,text,true,234,17440
1374664183252,27241,Add Products,200,OK,Thread Group 1-56,text,true,234,27241
1374664180936,30239,Add Products,200,OK,Thread Group 1-11,text,true,234,30239
1374664193176,17842,Add Products,200,OK,Thread Group 1-4,text,true,234,17842
1374664199277,11716,Add Products,200,OK,Thread Group 1-27,text,true,234,11716
1374664185055,26625,Add Products,200,OK,Thread Group 1-39,text,true,234,26625
1374664197949,13611,Add Products,200,OK,Thread Group 1-12,text,true,234,13611
1374664186181,26240,Add Products,200,OK,Thread Group 1-17,text,true,234,26240
1374664186208,26219,Add Products,200,OK,Thread Group 1-80,text,true,234,26219
1374664192489,19847,Add Products,200,OK,Thread Group 1-34,text,true,234,19847
1374664201113,11199,Add Products,200,OK,Thread Group 1-7,text,true,234,11198
1374664200393,12469,Add Products,200,OK,Thread Group 1-40,text,true,234,12469
1374664201616,11252,Add Products,200,OK,Thread Group 1-49,text,true,234,11252
1374664198741,14325,Add Products,200,OK,Thread Group 1-31,text,true,234,14325
1374664198896,14442,Add Products,200,OK,Thread Group 1-66,text,true,234,14442
1374664187127,26282,Add Products,200,OK,Thread Group 1-57,text,true,234,26282
1374664198912,15391,Add Products,200,OK,Thread Group 1-37,text,true,234,15391
1374664193904,20434,Add Products,200,OK,Thread Group 1-26,text,true,234,20434
1374664198006,16677,Add Products,200,OK,Thread Group 1-77,text,true,234,16677
1374664197974,17165,Add Products,200,OK,Thread Group 1-65,text,true,234,17165
1374664205162,10578,Add Products,200,OK,Thread Group 1-48,text,true,234,10578
1374664193980,22415,Add Products,200,OK,Thread Group 1-23,text,true,234,22415
1374664199753,16617,Add Products,200,OK,Thread Group 1-50,text,true,234,16617
1374664204452,11908,Add Products,200,OK,Thread Group 1-38,text,true,234,11908
1374664200422,16546,Add Products,200,OK,Thread Group 1-30,text,true,234,16546
1374664203618,13322,Add Products,200,OK,Thread Group 1-74,text,true,234,13322
1374664200966,16012,Add Products,200,OK,Thread Group 1-42,text,true,234,16012
1374664207328,10366,Add Products,200,OK,Thread Group 1-5,text,true,234,10366
1374664203960,13834,Add Products,200,OK,Thread Group 1-46,text,true,234,13833
1374664204445,13410,Add Products,200,OK,Thread Group 1-35,text,true,234,13410
1374664210231,7656,Add Products,200,OK,Thread Group 1-3,text,true,234,7655
1374664204025,13867,Add Products,200,OK,Thread Group 1-62,text,true,234,13867
1374664201462,16907,Add Products,200,OK,Thread Group 1-33,text,true,234,16907
1374664199773,18605,Add Products,200,OK,Thread Group 1-53,text,true,234,18605
1374664200094,18289,Add Products,200,OK,Thread Group 1-29,text,true,234,18289
1374664210173,8181,Add Products,200,OK,Thread Group 1-14,text,true,234,8181
1374664210197,8162,Add Products,200,OK,Thread Group 1-45,text,true,234,8162
1374664198903,19599,Add Products,200,OK,Thread Group 1-10,text,true,234,19599
1374664200417,18260,Add Products,200,OK,Thread Group 1-64,text,true,234,18260
1374664203991,14682,Add Products,200,OK,Thread Group 1-36,text,true,234,14682
1374664206104,12574,Add Products,200,OK,Thread Group 1-71,text,true,234,12574
1374664210728,7955,Add Products,200,OK,Thread Group 1-56,text,true,234,7955
1374664211902,7178,Add Products,200,OK,Thread Group 1-12,text,true,234,7178
1374664203630,15962,Add Products,200,OK,Thread Group 1-19,text,true,234,15962
1374664203623,15977,Add Products,200,OK,Thread Group 1-47,text,true,234,15977
1374664203953,15773,Add Products,200,OK,Thread Group 1-28,text,true,234,15773
1374664206817,13130,Add Products,200,OK,Thread Group 1-72,text,true,234,13130
1374664211347,8604,Add Products,200,OK,Thread Group 1-11,text,true,234,8604
1374664209155,10814,Add Products,200,OK,Thread Group 1-32,text,true,234,10814
1374664207944,12509,Add Products,200,OK,Thread Group 1-20,text,true,234,12509
1374664207699,12760,Add Products,200,OK,Thread Group 1-13,text,true,234,12760
1374664207761,12703,Add Products,200,OK,Thread Group 1-76,text,true,234,12703
1374664211845,8579,Add Products,200,OK,Thread Group 1-39,text,true,234,8579
1374664205408,15067,Add Products,200,OK,Thread Group 1-55,text,true,234,15067
1374664209348,11131,Add Products,200,OK,Thread Group 1-59,text,true,234,11131
1374664213163,7545,Add Products,200,OK,Thread Group 1-49,text,true,234,7545
1374664205433,15326,Add Products,200,OK,Thread Group 1-54,text,true,234,15326
1374664209518,11675,Add Products,200,OK,Thread Group 1-67,text,true,234,11675
1374664203972,17593,Add Products,200,OK,Thread Group 1-60,text,true,234,17593
1374664192470,29390,Add Products,200,OK,Thread Group 1-1,text,true,234,29390
1374664207879,14390,Add Products,200,OK,Thread Group 1-51,text,true,234,14390
1374664199758,23529,Add Products,200,OK,Thread Group 1-73,text,true,234,23529
1374664207087,17197,Add Products,200,OK,Thread Group 1-70,text,true,234,17197
1374664209321,14989,Add Products,200,OK,Thread Group 1-44,text,true,234,14989
1374664207172,17711,Add Products,200,OK,Thread Group 1-52,text,true,234,17711
1374664213681,11163,Add Products,200,OK,Thread Group 1-57,text,true,234,11163
1374664207217,18443,Add Products,200,OK,Thread Group 1-69,text,true,234,18443
1374664206049,19618,Add Products,200,OK,Thread Group 1-8,text,true,234,19618
1374664204032,21641,Add Products,200,OK,Thread Group 1-6,text,true,234,21641
1374664212628,13007,Add Products,200,OK,Thread Group 1-7,text,true,234,13007
1374664203538,22743,Add Products,200,OK,Thread Group 1-63,text,true,234,22743
1374664215010,11231,Add Products,200,OK,Thread Group 1-77,text,true,234,11231
1374664209168,17123,Add Products,200,OK,Thread Group 1-21,text,true,234,17123
1374664207167,19128,Add Products,200,OK,Thread Group 1-78,text,true,234,19128
1374664203530,23433,Add Products,200,OK,Thread Group 1-15,text,true,234,23433
1374664206673,20296,Add Products,200,OK,Thread Group 1-43,text,true,234,20296
1374664206111,20864,Add Products,200,OK,Thread Group 1-41,text,true,234,20864
1374664207233,20378,Add Products,200,OK,Thread Group 1-58,text,true,234,20378
1374664205440,22178,Add Products,200,OK,Thread Group 1-18,text,true,234,22178
1374664199300,28356,Add Products,200,OK,Thread Group 1-79,text,true,234,28356
1374664207222,20405,Add Products,200,OK,Thread Group 1-22,text,true,234,20405
1374664211359,16780,Add Products,200,OK,Thread Group 1-27,text,true,234,16780
1374664211333,16813,Add Products,200,OK,Thread Group 1-4,text,true,234,16812
1374664216075,12031,Add Products,200,OK,Thread Group 1-48,text,true,234,12031
1374664212607,15504,Add Products,200,OK,Thread Group 1-80,text,true,234,15504
1374664214633,13483,Add Products,200,OK,Thread Group 1-37,text,true,234,13483
1374664212633,15868,Add Products,200,OK,Thread Group 1-34,text,true,234,15868
1374664212593,15914,Add Products,200,OK,Thread Group 1-17,text,true,234,15914
1374664207570,20987,Add Products,200,OK,Thread Group 1-75,text,true,234,20987
1374664207102,21461,Add Products,200,OK,Thread Group 1-61,text,true,234,21461
1374664215443,13080,Add Products,200,OK,Thread Group 1-65,text,true,234,13080
1374664220250,8223,Add Products,200,OK,Thread Group 1-11,text,true,234,8223
1374664218070,10409,Add Products,200,OK,Thread Group 1-5,text,true,234,10409
1374664220764,8162,Add Products,200,OK,Thread Group 1-76,text,true,234,8162
1374664206668,22385,Add Products,200,OK,Thread Group 1-16,text,true,234,22385
1374664217193,11765,Add Products,200,OK,Thread Group 1-30,text,true,234,11765
1374664221061,7902,Add Products,200,OK,Thread Group 1-54,text,true,234,7902
1374664220790,8178,Add Products,200,OK,Thread Group 1-39,text,true,234,8178
1374664220272,8701,Add Products,200,OK,Thread Group 1-32,text,true,234,8701
1374664217253,12244,Add Products,200,OK,Thread Group 1-42,text,true,234,12244
1374664218199,11350,Add Products,200,OK,Thread Group 1-62,text,true,234,11350
1374664218187,11368,Add Products,200,OK,Thread Group 1-3,text,true,234,11368
1374664217248,12343,Add Products,200,OK,Thread Group 1-74,text,true,234,12342
1374664209511,20618,Add Products,200,OK,Thread Group 1-25,text,true,234,20618
1374664204398,25737,Add Products,200,OK,Thread Group 1-24,text,true,234,25737
1374664219888,10288,Add Products,200,OK,Thread Group 1-19,text,true,234,10288
1374664206679,23604,Add Products,200,OK,Thread Group 1-9,text,true,234,23604
1374664221056,9550,Add Products,200,OK,Thread Group 1-49,text,true,234,9550
1374664219426,11295,Add Products,200,OK,Thread Group 1-12,text,true,234,11295
1374664218681,12104,Add Products,200,OK,Thread Group 1-45,text,true,234,12104
1374664222065,8781,Add Products,200,OK,Thread Group 1-1,text,true,234,8781
1374664219877,11013,Add Products,200,OK,Thread Group 1-47,text,true,234,11013
1374664218628,12267,Add Products,200,OK,Thread Group 1-33,text,true,234,12267
1374664214618,16602,Add Products,200,OK,Thread Group 1-26,text,true,234,16602
1374664206072,25297,Add Products,200,OK,Thread Group 1-2,text,true,234,25297
1374664221897,9339,Add Products,200,OK,Thread Group 1-60,text,true,234,9339
1374664218674,12705,Add Products,200,OK,Thread Group 1-14,text,true,234,12705
1374664216664,14777,Add Products,200,OK,Thread Group 1-23,text,true,234,14776
1374664218955,12759,Add Products,200,OK,Thread Group 1-64,text,true,234,12759
1374664213158,18618,Add Products,200,OK,Thread Group 1-40,text,true,234,18618
1374664218192,13534,Add Products,200,OK,Thread Group 1-35,text,true,234,13534
1374664216721,15182,Add Products,200,OK,Thread Group 1-38,text,true,234,15182
1374664218974,12977,Add Products,200,OK,Thread Group 1-36,text,true,234,12977
1374664218769,13188,Add Products,200,OK,Thread Group 1-10,text,true,234,13188
1374664220244,11718,Add Products,200,OK,Thread Group 1-72,text,true,234,11718
1374664213653,18458,Add Products,200,OK,Thread Group 1-66,text,true,234,18458
1374664213440,18677,Add Products,200,OK,Thread Group 1-31,text,true,234,18677
1374664218065,14038,Add Products,200,OK,Thread Group 1-46,text,true,234,14038
1374664220743,11550,Add Products,200,OK,Thread Group 1-20,text,true,234,11550
1374664218980,13365,Add Products,200,OK,Thread Group 1-56,text,true,234,13365
1374664220758,11615,Add Products,200,OK,Thread Group 1-55,text,true,234,11615
1374664216659,15787,Add Products,200,OK,Thread Group 1-50,text,true,234,15787
1374664220784,11706,Add Products,200,OK,Thread Group 1-59,text,true,234,11706
1374664218637,13884,Add Products,200,OK,Thread Group 1-29,text,true,234,13884
1374664225135,7354,Add Products,200,OK,Thread Group 1-57,text,true,234,7354
1374664225933,6928,Add Products,200,OK,Thread Group 1-6,text,true,234,6928
1374664221633,11272,Add Products,200,OK,Thread Group 1-67,text,true,234,11272
1374664220733,12235,Add Products,200,OK,Thread Group 1-13,text,true,234,12235
1374664225922,7086,Add Products,200,OK,Thread Group 1-69,text,true,234,7086
1374664219033,14199,Add Products,200,OK,Thread Group 1-71,text,true,234,14199
1374664226710,6534,Add Products,200,OK,Thread Group 1-78,text,true,234,6534
1374664220029,13677,Add Products,200,OK,Thread Group 1-28,text,true,234,13677
1374664225927,7842,Add Products,200,OK,Thread Group 1-8,text,true,234,7842
1374664222507,11337,Add Products,200,OK,Thread Group 1-51,text,true,234,11337
1374664207097,27119,Add Products,200,OK,Thread Group 1-68,text,true,234,27119
1374664226537,8102,Add Products,200,OK,Thread Group 1-63,text,true,234,8102
1374664224544,10436,Add Products,200,OK,Thread Group 1-70,text,true,234,10436
1374664225130,10183,Add Products,200,OK,Thread Group 1-52,text,true,234,10183
1374664226554,8786,Add Products,200,OK,Thread Group 1-21,text,true,234,8786
1374664225952,9420,Add Products,200,OK,Thread Group 1-7,text,true,234,9420
1374664226559,9485,Add Products,200,OK,Thread Group 1-77,text,true,234,9485
1374664223494,12746,Add Products,200,OK,Thread Group 1-73,text,true,234,12746
1374664224604,12029,Add Products,200,OK,Thread Group 1-44,text,true,234,12029
1374664218657,18074,Add Products,200,OK,Thread Group 1-53,text,true,234,18074
